time,onoff
1485935162,0
1485925458,1
1485930425,0
1485935330,1
1485933304,0
1485933305,1
1485933308,0
1485926928,0
1485926872,1
1485934949,0
1485935447,1
1485925469,0
1485930004,1
1485929945,0
1485929948,1
1485937654,1
1485926915,0
1485926918,1
1485930244,0
1485927723,1
1485937402,0
1485930351,1
1485928049,0
1485929841,1
1485929811,1
1485929814,0
1485937862,0
1485936285,1
1485935150,1
1485928279,1
1485939891,0
1485934672,1
1485929858,0
1485936439,0
1485936439,1
1485928282,0
1485929960,0
1485940175,0
1485940034,1
1485925428,0
1485925431,1
1485929891,1
1485935345,0
1485935475,0
1485939145,0
1485939807,1
1485934235,1
1485937385,1
1485936455,0
1485925444,0
1485934339,0
1485935461,0
1485935462,1
1485939017,1
1485933303,1
1486064959,1
1485951578,0
1485950813,0
1486065575,0
1485950785,1
1485950942,1
1485951507,1
1485945093,1
1485950557,1
1485952435,1
1485951588,1
1485950491,0
1485954377,1
1485947065,0
1485951012,1
1485945512,1
1485950437,1
1485948705,1
1485952451,0
1485951598,0
1485950134,1
1485950568,0
1485952579,1
1486065572,1
1485947079,1
1486065588,1
1485947283,0
1485945102,0
1485951637,0
1485947408,0
1485945428,1
1485950981,0
1485945446,0
1485948789,0
1486064498,1
1485947359,0
1486065029,0
1485951632,1
1485951445,0
1485951094,0
1485947323,1
1485950171,0
1485951562,1
1485952603,0
1485951550,0
1485950845,1
1486065599,0
1485947397,1
1486064496,1
1486064497,0
1485950859,0
1486064542,0
1485947048,1
1485945518,0
1486067664,0
1486067668,1
1486067670,0
1485951125,1
1486066925,1
1486069545,1
1486069551,0
1486094402,1
1486094421,0
1486096208,1
1486096218,0
1486097087,1
1486097497,0
1486136715,1
1486136750,0
1486136756,1
1486136771,0
1486135602,0
1486135602,1
1486135605,0
1486111459,1
1486111491,0
1486110674,1
1486110686,0
1486107050,1
1486107068,0
1486116578,1
1486116601,0
1486117715,1
1486117729,0
1486117838,1
1486117888,0
1486123222,1
1486123225,0
1486123231,1
1486123241,0
1486123255,1
1486123289,0
1486132451,1
1486132457,0
1486140083,1
1486140127,0
1486102133,1
1486102135,0
1486134403,1
1486134420,0
1486134525,1
1486134528,0
1486129792,1
1486129795,0
1486125858,0
1486124774,1
1486124832,0
1486106757,1
1486106759,0
1486112484,1
1486112511,0
1486112519,1
1486112576,0
1486143825,1
1486129234,1
1486129237,0
1486122233,1
1486122255,0
1486108347,1
1486108356,0
1486108358,1
1486108376,0
1486128964,1
1486126025,1
1486126028,0
1486136183,1
1486120129,1
1486120150,0
1486139703,1
1486139725,0
1486106567,1
1486106601,0
1486135430,1
1486135446,0
1486135447,1
1486135468,0
1486135495,1
1486126905,1
1486126932,0
1486118802,1
1486118805,0
1486118810,1
1486118838,0
1486118915,1
1486118984,0
1486119020,1
1486119031,0
1486126528,1
1486126534,0
1486126578,1
1486126581,0
1486111555,1
1486111565,0
1486129097,0
1486110360,1
1486110398,0
1486141381,1
1486141396,0
1486107422,1
1486107437,0
1486103092,1
1486103094,0
1486103097,1
1486103102,0
1486103143,1
1486103148,0
1486125768,1
1486133045,1
1486133050,0
1486100130,1
1486100132,0
1486140797,1
1486140818,0
1486113375,1
1486113384,0
1486119513,1
1486119537,0
1486112665,1
1486112725,0
1486123443,1
1486123458,0
1486136321,0
1486136341,1
1486136346,0
1486143828,0
1486144048,1
1486144052,0
1486144266,1
1486144286,0
1486146431,1
1486146288,1
1486146293,0
1486146649,0
1486146725,1
1486146989,0
1486146832,0
1486146893,1
1486147098,1
1486147123,0
1486147826,1
1486147687,1
1486147744,0
1486147979,0
1486148168,1
1486148189,0
1486148548,0
1486148313,1
1486149798,1
1486149804,0
1486151829,1
1486152004,0
1486152025,1
1486152035,0
1486152260,1
1486152413,0
1486152469,1
1486152690,0
1486152910,1
1486152918,0
1486152919,1
1486152936,0
1486153150,1
1486153223,0
1486153766,1
1486153632,1
1486153642,0
1486153933,0
1486153935,1
1486153860,1
1486153777,0
1486153780,1
1486153791,0
1486154088,0
1486154111,1
1486154119,0
1486154456,1
1486154459,0
1486166989,1
1486167011,0
1486166876,1
1486166917,0
1486160957,0
1486160671,1
1486160710,0
1486160711,1
1486160742,0
1486160800,1
1486163765,1
1486163773,0
1486168017,1
1486168026,0
1486161181,1
1486161219,0
1486163289,1
1486163308,0
1486163315,1
1486163319,0
1486156864,1
1486156933,0
1486162276,1
1486162279,0
1486159835,1
1486159843,0
1486158567,1
1486158588,0
1486155316,1
1486155379,0
1486155550,1
1486155625,0
1486164879,1
1486164909,0
1486160535,1
1486160573,0
1486165729,1
1486165730,0
1486160180,1
1486160204,0
1486160268,1
1486160302,0
1486161036,1
1486161049,0
1486217037,1
1486217052,0
1486217064,1
1486217068,0
1486220581,1
1486220585,0
1486221630,1
1486221654,0
1486221660,1
1486221671,0
1486224085,1
1486224105,0
1486230959,1
1486230980,0
1486234155,1
1486234233,0
1486235487,1
1486235875,0
1486235876,1
1486235888,0
1486237855,1
1486237859,0
1486241705,1
1486241716,0
1486242015,1
1486242033,0
1486243247,1
1486243249,0
1486246559,1
1486246567,0
1486249389,1
1486249406,0
1486249545,1
1486249898,0
1486249898,1
1486249914,0
1486280876,1
1486281099,0
1486287464,1
1486287471,0
1486287475,1
1486287486,0
1486290336,1
1486290346,0
1486290967,1
1486290978,0
1486292575,1
1486292590,0
1486292686,1
1486292747,0
1486293426,1
1486293474,0
1486300345,0
1486300347,1
1486300348,0
1486294358,1
1486294411,0
1486300200,1
1486303119,0
1486303121,1
1486303136,0
1486294501,1
1486294504,0
1486294558,1
1486303042,1
1486294671,0
1486295073,1
1486298231,1
1486298388,0
1486298391,1
1486298405,0
1486293512,1
1486293524,0
1486304153,1
1486299714,1
1486299746,0
1486301972,1
1486301999,0
1486295180,0
1486295192,1
1486295371,0
1486295373,1
1486295431,0
1486304160,0
1486304162,1
1486304170,0
1486308097,1
1486308179,0
1486311294,1
1486311305,0
1486313664,1
1486313675,0
1486314829,1
1486314840,0
1486318375,0
1486318219,1
1486320397,1
1486320409,0
1486325113,1
1486325123,0
1486328053,1
1486328056,0
1486328058,1
1486328071,0
1486328761,1
1486328487,1
1486328589,0
1486328814,0
1486328819,1
1486328823,0
1486355402,1
1486355408,0
1486355410,1
1486355427,0
1486357802,1
1486357813,0
1486357817,1
1486357820,0
1486357822,1
1486357825,0
1486358695,1
1486358703,0
1486376292,1
1486387003,1
1486387010,0
1486385233,1
1486385238,0
1486385271,1
1486385283,0
1486385315,1
1486385317,0
1486385399,1
1486385478,0
1486392124,1
1486392135,0
1486395751,0
1486366435,1
1486366442,0
1486363734,1
1486363743,0
1486379100,1
1486379131,0
1486379230,1
1486379234,0
1486374186,1
1486374212,0
1486363956,1
1486364834,0
1486365361,1
1486365373,0
1486368543,1
1486368549,0
1486368583,1
1486368598,0
1486375827,0
1486382886,1
1486382895,0
1486388448,1
1486388520,0
1486388620,1
1486362779,1
1486362846,0
1486377886,1
1486377889,0
1486363005,1
1486363007,0
1486394792,1
1486394794,0
1486394801,1
1486394810,0
1486379633,1
1486379639,0
1486381308,1
1486381319,0
1486377100,1
1486378902,1
1486378914,0
1486373844,1
1486373863,0
1486365999,1
1486396889,1
1486396890,0
1486376525,0
1486376613,1
1486376615,0
1486377231,0
1486381398,1
1486381419,0
1486395105,1
1486395125,0
1486366162,0
1486394319,1
1486394331,0
1486381523,1
1486381540,0
1486364645,0
1486391869,1
1486391902,0
1486394415,1
1486394419,0
1486360284,1
1486360286,0
1486360287,1
1486360298,0
1486372803,1
1486372804,0
1486395592,1
1486363460,1
1486363465,0
1486364757,1
1486363635,1
1486363637,0
1486392253,1
1486392255,0
1486374871,1
1486365133,1
1486365146,0
1486365183,1
1486365239,0
1486397030,1
1486397031,0
1486389372,0
1486389373,1
1486389375,0
1486374053,1
1486374065,0
1486398478,1
1486398488,0
1486398302,1
1486398304,0
1486404664,1
1486404677,0
1486407381,0
1486407278,1
1486407290,0
1486407300,1
1486408769,1
1486408780,0
1486412653,1
1486412657,0
1486412664,1
1486412665,0
1486412708,1
1486413518,0
1486413523,1
1486413535,0
1486440003,1
1486440028,0
1486441899,1
1486442374,0
1486442450,1
1486442513,0
1486444899,1
1486444904,0
1486465320,1
1486465414,0
1486450859,1
1486450862,0
1486476068,1
1486476074,0
1486476157,1
1486476174,0
1486471332,0
1486471462,1
1486471563,0
1486474283,1
1486474285,0
1486474289,1
1486474299,0
1486475821,1
1486475824,0
1486471039,1
1486471040,0
1486471068,1
1486471102,0
1486471178,1
1486474150,1
1486474186,0
1486472755,1
1486450055,1
1486450084,0
1486463502,0
1486463559,1
1486463562,0
1486463577,1
1486463583,0
1486468146,1
1486468173,0
1486454985,1
1486455017,0
1486455026,1
1486455170,0
1486459313,1
1486459337,0
1486456491,1
1486456494,0
1486448401,1
1486448402,0
1486448403,1
1486448414,0
1486462877,1
1486462889,0
1486449662,1
1486449746,0
1486473986,1
1486473987,0
1486474000,1
1486474018,0
1486463313,1
1486463332,0
1486463350,1
1486463357,0
1486463412,1
1486457524,1
1486457536,0
1486457833,1
1486457843,0
1486455922,1
1486455933,0
1486458289,1
1486458292,0
1486462772,1
1486462793,0
1486447115,0
1486458423,1
1486458425,0
1486472895,0
1486472937,1
1486475350,1
1486475353,0
1486475354,1
1486475357,0
1486461649,1
1486461653,0
1486473154,0
1486472360,0
1486466887,1
1486466901,0
1486464045,1
1486464051,0
1486474704,1
1486474706,0
1486458703,1
1486458712,0
1486452104,1
1486452126,0
1486452229,1
1486452233,0
1486458185,1
1486458199,0
1486457384,1
1486457408,0
1486464890,1
1486464892,0
1486447030,1
1486472245,1
1486474978,1
1486474980,0
1486466088,1
1486466102,0
1486475130,1
1486475154,0
1486446853,1
1486446854,0
1486475544,1
1486475555,0
1486467960,1
1486467963,0
1486467964,1
1486467990,0
1486475729,1
1486475745,0
1486467536,1
1486467543,0
1486475920,1
1486475932,0
1486479168,1
1486479193,0
1486479656,1
1486479666,0
1486484549,1
1486485063,1
1486484707,0
1486485199,0
1486486227,1
1486486231,0
1486486941,1
1486486942,0
1486489276,0
1486489314,1
1486489327,0
1486489753,1
1486489760,0
1486487808,1
1486494390,1
1486494404,0
1486489119,1
1486493223,1
1486493294,0
1486488195,0
1486488462,1
1486488484,0
1486488488,1
1486488499,0
1486488611,1
1486488677,0
1486494886,1
1486494965,0
1486494968,1
1486494978,0
1486495197,1
1486495203,0
1486495714,1
1486495758,0
1486500649,1
1486501587,0
1486527948,1
1486527959,0
1486528203,1
1486528676,0
1486529552,1
1486530034,0
1486530881,1
1486530883,0
1486534943,1
1486535154,0
1486535161,1
1486535202,0
1486535244,1
1486535248,0
1486534120,0
1486564472,1
1486564474,0
1486543636,1
1486543639,0
1486541037,1
1486541043,0
1486541044,1
1486541046,0
1486555121,1
1486555130,0
1486550033,0
1486550068,1
1486549217,1
1486549259,0
1486545565,1
1486545580,0
1486565650,1
1486565652,0
1486565694,1
1486565717,0
1486565758,1
1486565843,0
1486559156,1
1486541343,1
1486553325,1
1486553328,0
1486531936,1
1486531979,0
1486558740,1
1486558757,0
1486558952,1
1486559017,0
1486563905,1
1486563907,0
1486550179,0
1486550183,1
1486550196,0
1486567036,1
1486567111,0
1486541940,1
1486541942,0
1486536248,1
1486536250,0
1486536304,1
1486536307,0
1486566580,0
1486566613,1
1486566650,0
1486566652,1
1486566664,0
1486566139,1
1486545971,1
1486545978,0
1486544826,1
1486544830,0
1486544832,1
1486544842,0
1486551409,1
1486551417,0
1486534032,1
1486549700,1
1486549705,0
1486549707,1
1486549756,0
1486549784,1
1486564991,1
1486564994,0
1486565088,1
1486565089,0
1486565187,1
1486565190,0
1486559829,0
1486559837,1
1486559839,0
1486559978,1
1486559980,0
1486535353,1
1486535363,0
1486537243,1
1486537263,0
1486553153,1
1486553156,0
1486552227,1
1486552229,0
1486552279,1
1486552301,0
1486552342,1
1486552391,0
1486541600,0
1486541613,1
1486541627,0
1486541702,1
1486541804,0
1486564759,1
1486564762,0
1486536023,1
1486536032,0
1486574348,0
1486574345,1
1486574346,0
1486574346,1
1486576524,1
1486576526,0
1486582557,1
1486582401,1
1486582403,0
1486582260,1
1486582270,0
1486582702,0
1486583814,1
1486583818,0
1486583856,1
1486584094,0
1486584107,1
1486584119,0
1486587830,1
1486587833,0
1486614602,1
1486614624,0
1486614892,1
1486615232,0
1486616057,1
1486617013,0
1486617022,1
1486617040,0
1486618137,1
1486618147,0
1486663118,1
1486663170,0
1486663202,1
1486663209,0
1486647086,1
1486647090,0
1486648004,1
1486648015,0
1486653175,1
1486653217,0
1486653220,1
1486653241,0
1486626434,1
1486626436,0
1486641149,1
1486641155,0
1486646839,1
1486646849,0
1486638427,0
1486618899,1
1486618900,0
1486654519,1
1486654567,0
1486654625,1
1486647212,1
1486647233,0
1486625368,1
1486625382,0
1486663863,1
1486663912,0
1486663945,1
1486663975,0
1486663978,1
1486663990,0
1486650306,1
1486650314,0
1486650373,1
1486650385,0
1486664105,1
1486664162,0
1486664164,1
1486626127,1
1486626128,0
1486626140,1
1486626141,0
1486626187,1
1486626250,0
1486620872,1
1486620883,0
1486638810,1
1486638821,0
1486631224,0
1486622086,1
1486622137,0
1486639572,1
1486639590,0
1486631087,1
1486650959,1
1486650972,0
1486642666,1
1486642677,0
1486639114,0
1486635999,1
1486636011,0
1486636012,1
1486636029,0
1486625895,1
1486625897,0
1486631611,1
1486631643,0
1486647424,1
1486647484,0
1486652089,1
1486652092,0
1486652106,1
1486652107,0
1486652154,1
1486652190,0
1486635891,1
1486635914,0
1486623816,1
1486623819,0
1486645521,0
1486645556,1
1486645615,0
1486628834,1
1486628874,0
1486628905,1
1486628985,0
1486628989,1
1486629002,0
1486621910,1
1486621923,0
1486654942,1
1486654943,0
1486654981,1
1486654993,0
1486655225,1
1486655259,0
1486655265,1
1486655275,0
1486655360,1
1486655472,0
1486655490,1
1486655495,0
1486655503,1
1486655511,0
1486655525,1
1486655575,0
1486648476,1
1486648524,0
1486623324,1
1486635117,1
1486635119,0
1486620740,1
1486620750,0
1486633704,1
1486633713,0
1486652641,1
1486652711,0
1486623454,0
1486650667,1
1486650668,0
1486650669,1
1486650676,0
1486650720,1
1486622924,1
1486623014,0
1486631301,1
1486631311,0
1486623949,1
1486623954,0
1486648964,1
1486648978,0
1486638277,1
1486654712,0
1486654712,1
1486654725,0
1486638884,1
1486642225,1
1486642228,0
1486643845,1
1486643861,0
1486647341,1
1486647344,0
1486658236,1
1486658244,0
1486645211,1
1486645227,0
1486645275,1
1486634845,1
1486634854,0
1486664466,0
1486663356,1
1486663361,0
1486663381,1
1486663415,0
1486652954,1
1486653039,0
1486648343,1
1486648355,0
1486628725,1
1486628743,0
1486650853,0
1486655810,1
1486655832,0
1486655835,1
1486655847,0
1486655875,1
1486655939,0
1486655943,1
1486655954,0
1486665406,1
1486665657,1
1486665434,0
1486665867,0
1486665880,1
1486665898,0
1486666160,1
1486666177,0
1486666198,1
1486666218,0
1486666805,1
1486667133,0
1486668595,1
1486669141,0
1486669853,1
1486669856,0
1486673440,1
1486673450,0
1486673456,1
1486673460,0
1486673461,1
1486673477,0
1486673477,1
1486674321,1
1486674193,0
1486674194,1
1486674206,0
1486674420,0
1486674421,1
1486674429,0
1486674429,1
1486674439,0
1486675682,1
1486675695,0
1486701002,1
1486701025,0
1486702006,1
1486702818,0
1486705042,1
1486705044,0
1486706971,1
1486714726,1
1486714734,0
1486714749,1
1486714752,0
1486708753,1
1486708756,0
1486719838,1
1486719841,0
1486718634,0
1486715584,1
1486715672,0
1486729501,0
1486712475,1
1486712479,0
1486709756,0
1486715783,1
1486716271,1
1486710776,1
1486710803,0
1486716512,0
1486717506,1
1486717542,0
1486717910,1
1486709904,1
1486709907,0
1486718116,0
1486718288,1
1486718334,0
1486711311,1
1486711314,0
1486718917,0
1486718938,1
1486708305,1
1486708342,0
1486718742,1
1486724400,0
1486719085,0
1486729012,1
1486714923,1
1486714951,0
1486714970,1
1486714984,0
1486715047,1
1486715084,0
1486730442,1
1486715211,1
1486715220,0
1486707532,1
1486707574,0
1486715946,0
1486716080,1
1486716082,0
1486711430,1
1486711433,0
1486711451,1
1486711454,0
1486717368,1
1486717379,0
1486718495,1
1486714033,1
1486714050,0
1486729943,1
1486729954,0
1486723964,1
1486721295,1
1486721336,0
1486708883,1
1486708890,0
1486708080,1
1486708086,0
1486708091,1
1486708095,0
1486708108,1
1486708123,0
1486708127,1
1486708165,0
1486707181,0
1486709488,1
1486709493,0
1486709513,1
1486730208,1
1486730236,0
1486732895,1
1486737223,1
1486737236,0
1486732184,0
1486730739,0
1486740993,0
1486741014,1
1486741041,0
1486741088,1
1486741099,0
1486744948,1
1486744958,0
1486740359,1
1486736747,1
1486736756,0
1486738904,1
1486738915,0
1486739925,1
1486739928,0
1486736264,1
1486736275,0
1486736649,1
1486736660,0
1486734543,1
1486734559,0
1486744185,1
1486744220,0
1486739410,1
1486733040,0
1486733046,1
1486733059,0
1486733059,1
1486733068,0
1486733102,1
1486733177,0
1486739128,1
1486739136,0
1486731750,1
1486731756,0
1486731757,1
1486741278,1
1486741295,0
1486734900,1
1486734917,0
1486745863,1
1486745955,0
1486739561,0
1486735699,1
1486735725,0
1486740579,0
1486740586,1
1486740611,0
1486740929,1
1486746654,1
1486746659,0
1486748461,0
1486748324,1
1486750417,1
1486750701,0
1486750740,1
1486750867,0
1486751954,1
1486752048,0
1486752428,1
1486752431,0
1486754496,1
1486754505,0
1486755438,1
1486755458,0
1486765973,1
1486765982,0
1486764062,1
1486764091,0
1486758881,1
1486758912,0
1486758952,1
1486758977,0
1486762825,1
1486762849,0
1486766619,1
1486766657,0
1486766710,1
1486766748,0
1486766765,1
1486766792,0
1486766819,1
1486766829,0
1486765573,1
1486765605,0
1486765608,1
1486765619,0
1486758668,1
1486758693,0
1486763131,1
1486763145,0
1486763175,1
1486763224,0
1486770342,1
1486769276,0
1486769401,1
1486769408,0
1486769426,1
1486769455,0
1486763332,1
1486763350,0
1486761448,1
1486761455,0
1486756355,1
1486756386,0
1486756418,1
1486756427,0
1486756550,1
1486756592,0
1486756756,1
1486756764,0
1486756977,1
1486756982,0
1486760885,1
1486760936,0
1486760939,1
1486760952,0
1486760966,1
1486760993,0
1486761051,1
1486761081,0
1486765445,1
1486765472,0
1486756003,0
1486756007,1
1486756009,0
1486769060,1
1486759908,1
1486759915,0
1486755654,1
1486770378,0
1486770379,1
1486770416,0
1486770475,1
1486770476,0
1486771162,1
1486771225,0
1486771499,1
1486771521,0
1486792623,1
1486792633,0
1486793886,1
1486793897,0
1486797169,1
1486797179,0
1486797396,1
1486797495,0
1486797885,1
1486797899,0
1486798256,1
1486798258,0
1486799284,1
1486799323,0
1486799431,1
1486799437,0
1486800436,1
1486800452,0
1486801521,1
1486801558,0
1486801703,1
1486801716,0
1486801320,1
1486801365,0
1486800609,1
1486800624,0
1486800860,1
1486800912,0
1486800939,1
1486800942,0
1486801056,1
1486801094,0
1486801094,1
1486801108,0
1486822517,1
1486822527,0
1486814926,1
1486814934,0
1486822434,0
1486825273,1
1486825426,0
1486825433,1
1486825457,0
1486825563,1
1486825650,0
1486823335,1
1486823345,0
1486822355,1
1486810057,1
1486810060,0
1486810067,1
1486810078,0
1486810088,1
1486810099,0
1486810150,1
1486810152,0
1486810157,1
1486810168,0
1486816100,0
1486819689,1
1486819736,0
1486819737,1
1486819749,0
1486806844,1
1486806872,0
1486806906,1
1486806971,0
1486815873,1
1486815880,0
1486815933,1
1486811150,1
1486811152,0
1486823854,1
1486823869,0
1486827628,1
1486827634,0
1486832841,1
1486832852,0
1486833362,1
1486833512,0
1486834084,1
1486834136,0
1486837468,1
1486837478,0
1486840116,0
1486840122,1
1486839908,1
1486840133,0
1486843283,1
1486843361,0
1486843510,1
1486843567,0
1486845213,0
1486845014,1
1486852988,1
1486853006,0
1486882019,1
1486882029,0
1486884542,1
1486884795,0
1486885486,1
1486885760,0
1486886308,1
1486886315,0
1486891868,1
1486891870,0
1486897475,1
1486897651,1
1486897655,0
1486897517,0
1486898780,1
1486898791,0
1486902046,1
1486902060,0
1486902311,1
1486902475,0
1486902523,1
1486902674,0
1486902987,1
1486903133,0
1486903166,1
1486903183,0
1486903971,1
1486904111,0
1486904168,1
1486904336,0
1486904385,1
1486904568,0
1486905304,1
1486905341,0
1486905754,1
1486905782,0
1486911555,1
1486911565,0
1486912292,1
1486912303,0
1486913507,1
1486913518,0
1486914188,1
1486914199,0
1486918842,1
1486918113,1
1486918125,0
1486918844,0
1486922254,1
1486922273,0
1486925184,1
1486925186,0
1486925186,1
1486925230,0
1486930346,1
1486931096,0
1486931103,1
1486931114,0
1486959302,1
1486959311,0
1486959769,1
1486960345,0
1486960667,0
1486960598,1
1486961938,1
1486961951,0
1486963378,1
1486963380,0
1486963402,1
1486963420,0
1486976701,1
1486976761,0
1486980445,1
1486980459,0
1486980581,1
1486980583,0
1486966159,1
1486966173,0
1486966252,1
1486966286,0
1486999209,0
1486999339,1
1486999342,0
1486999517,1
1486999519,0
1486991151,1
1486983048,1
1486983051,0
1486983061,1
1486983073,0
1486977471,1
1486977473,0
1486995642,1
1486982775,1
1486982888,0
1486982954,1
1486982957,0
1486995855,0
1486991753,0
1486991837,1
1486991838,0
1486965347,1
1486965384,0
1486977050,1
1486977062,0
1486967569,1
1486967631,0
1486967665,1
1486967673,0
1486967715,1
1486967760,0
1486967178,1
1486967226,0
1486967294,1
1486967308,0
1487004563,1
1487004641,0
1487004653,1
1487004666,0
1487004701,1
1487004828,0
1486987276,1
1486987336,0
1486998971,0
1486999026,1
1486986103,1
1486986142,0
1487003666,1
1487003709,0
1486998729,1
1486989003,1
1486989005,0
1486989012,1
1486989013,0
1486992994,1
1486992996,0
1486993057,1
1486993070,0
1486971191,1
1486971233,0
1486998332,1
1486998382,0
1486998387,1
1486998395,0
1486998400,1
1486998421,0
1486998425,1
1486998429,0
1486998475,1
1486998497,0
1486998508,1
1486998510,0
1486988531,1
1486988553,0
1486971366,1
1486971370,0
1486971404,1
1486971406,0
1486988749,1
1486988757,0
1486988419,1
1486988436,0
1487003988,1
1487003993,0
1486973614,1
1486973618,0
1486993206,1
1486993217,0
1486998588,1
1486998646,0
1486998648,1
1486998658,0
1487005384,1
1487005386,0
1487006668,1
1487006768,0
1487007224,1
1487007484,1
1487007527,0
1487007389,0
1487008486,1
1487008515,0
1487008569,1
1487008675,0
1487009813,1
1487009816,0
1487012395,1
1487012405,0
1487015579,1
1487015593,0
1487016271,1
1487016287,0
1487016374,1
1487016814,0
1487016815,1
1487016825,0
1487045704,1
1487045727,0
1487047025,1
1487047032,0
1487047042,1
1487047565,0
1487048218,1
1487048478,0
1487049259,1
1487049260,0
1487066426,1
1487066428,0
1487066876,1
1487066886,0
1487064766,1
1487064774,0
1487070882,1
1487070910,0
1487071049,1
1487071052,0
1487071106,1
1487071134,0
1487072367,1
1487072387,0
1487072435,1
1487078544,0
1487078545,1
1487078555,0
1487078591,1
1487078603,0
1487053886,1
1487053901,0
1487053955,1
1487053977,0
1487079692,0
1487073215,1
1487073233,0
1487064044,1
1487064057,0
1487064187,1
1487064225,0
1487064228,1
1487064240,0
1487053160,1
1487053214,0
1487053298,1
1487053300,0
1487053349,1
1487053360,0
1487072778,0
1487074668,0
1487074741,1
1487074743,0
1487074348,1
1487074350,0
1487074354,1
1487074380,0
1487074402,1
1487074407,0
1487074429,1
1487082087,1
1487082095,0
1487082139,1
1487082152,0
1487079828,1
1487079849,0
1487056388,1
1487056404,0
1487071387,1
1487071394,0
1487076645,1
1487076648,0
1487072155,1
1487072177,0
1487072892,1
1487072897,0
1487073449,1
1487073452,0
1487077894,1
1487072602,0
1487079347,0
1487079378,1
1487082824,1
1487082833,0
1487083122,1
1487083206,0
1487077698,1
1487077714,0
1487077805,1
1487077811,0
1487055553,1
1487055564,0
1487069859,1
1487069871,0
1487078805,1
1487078826,0
1487081794,1
1487081973,0
1487054651,1
1487054659,0
1487060655,1
1487060667,0
1487072683,1
1487079972,1
1487079987,0
1487073064,1
1487073070,0
1487083698,1
1487083721,0
1487079253,1
1487084214,1
1487084216,0
1487084217,1
1487084230,0
1487085557,1
1487085558,0
1487085779,1
1487085780,0
1487087899,1
1487087903,0
1487089329,1
1487089350,0
1487089516,1
1487089561,0
1487091542,1
1487091544,0
1487091545,1
1487091550,0
1487096486,1
1487096489,0
1487093785,1
1487093805,0
1487096239,1
1487096308,0
1487096309,1
1487096321,0
1487092453,1
1487092476,0
1487099302,1
1487099361,0
1487099753,1
1487099764,0
1487099894,1
1487100229,0
1487101739,1
1487101758,0
1487102707,1
1487102936,0
1487102937,1
1487102948,0
1487103387,1
1487104183,0
1487132102,1
1487132124,0
1487132662,1
1487133801,0
1487134342,1
1487134494,0
1487135117,1
1487135129,0
1487135821,1
1487135823,0
1487137468,1
1487137505,0
1487137508,1
1487137521,0
1487137221,0
1487137613,1
1487137616,0
1487136717,1
1487136763,0
1487137092,1
1487140114,1
1487140156,0
1487140226,1
1487140249,0
1487140520,1
1487140531,0
1487141228,1
1487141239,0
1487144714,1
1487144727,0
1487146560,0
1487146578,1
1487146635,0
1487146676,1
1487146704,0
1487146749,1
1487147016,0
1487147102,1
1487147132,0
1487147134,1
1487147136,0
1487156788,1
1487156794,0
1487156812,1
1487156836,0
1487156860,1
1487151725,1
1487151738,0
1487151991,1
1487151995,0
1487168955,1
1487169624,0
1487169626,1
1487169633,0
1487159775,1
1487159813,0
1487160397,1
1487160446,0
1487145418,1
1487145434,0
1487146502,1
1487146511,0
1487146515,1
1487176252,1
1487176264,0
1487176382,1
1487176413,0
1487177037,1
1487177056,0
1487177216,1
1487177283,0
1487177705,1
1487177730,0
1487160783,1
1487160831,0
1487155140,1
1487155157,0
1487157099,0
1487157158,1
1487157176,0
1487148204,1
1487148236,0
1487149815,1
1487149818,0
1487149901,1
1487149912,0
1487163113,1
1487163124,0
1487163330,1
1487163392,0
1487163416,1
1487163648,0
1487163684,1
1487163686,0
1487179183,1
1487179211,0
1487179308,1
1487179309,0
1487182618,1
1487182706,0
1487183299,1
1487183309,0
1487183473,1
1487183484,0
1487188994,1
1487189005,0
1487189010,1
1487189020,0
1487189042,1
1487189048,0
1487189093,1
1487189749,0
1487189757,1
1487189767,0
1487189956,1
1487190309,0
1487190312,1
1487190323,0
1487191859,1
1487191869,0
1487192762,1
1487192786,0
1487207622,1
1487207627,0
1487218504,1
1487218526,0
1487220495,1
1487220506,0
1487220523,1
1487220809,0
1487221051,1
1487221334,0
1487221574,1
1487221579,0
1487221579,1
1487221589,0
1487221589,1
1487221600,0
1487222887,1
1487222904,0
1487253532,1
1487253619,0
1487253684,1
1487253687,0
1487253828,1
1487253838,0
1487250865,0
1487250867,1
1487250878,0
1487250925,1
1487250952,0
1487250959,1
1487250971,0
1487225959,1
1487231689,0
1487231762,1
1487231779,0
1487231811,1
1487231813,0
1487232057,1
1487232310,0
1487232345,1
1487232574,0
1487232987,1
1487233013,0
1487236466,0
1487236782,1
1487236800,0
1487236810,1
1487236822,0
1487241436,1
1487241445,0
1487241507,1
1487241511,0
1487254516,1
1487254522,0
1487254572,1
1487254599,0
1487254662,1
1487254668,0
1487255714,1
1487255777,0
1487255780,1
1487255782,0
1487248162,1
1487248211,0
1487223719,1
1487223721,0
1487224370,1
1487224376,0
1487224394,1
1487224438,0
1487248911,1
1487248925,0
1487249463,1
1487249486,0
1487249562,1
1487249722,0
1487249731,1
1487249736,0
1487249763,1
1487249779,0
1487249974,1
1487240744,1
1487240795,0
1487233290,1
1487233323,0
1487233383,1
1487233396,0
1487234703,1
1487234745,0
1487244444,1
1487244461,0
1487244514,1
1487244518,0
1487226452,0
1487226501,1
1487226502,0
1487226503,1
1487226505,0
1487226505,1
1487226517,0
1487226761,1
1487226785,0
1487227777,1
1487227789,0
1487234934,1
1487234947,0
1487236007,1
1487236014,0
1487236018,1
1487236029,0
1487236200,1
1487236202,0
1487236289,1
1487236308,0
1487236332,1
1487236345,0
1487236428,1
1487236430,0
1487236460,1
1487231416,1
1487231443,0
1487231505,1
1487256911,1
1487256913,0
1487257023,1
1487257033,0
1487261155,1
1487261228,0
1487268674,1
1487268721,0
1487271884,1
1487272461,0
1487275960,1
1487275962,0
1487275962,1
1487275993,0
1487276001,1
1487277157,1
1487277157,0
1487297680,1
1487297683,0
1487304902,1
1487304923,0
1487306926,1
1487307507,0
1487308389,1
1487308580,0
1487309162,1
1487309163,0
1487321207,1
1487321220,0
1487321768,1
1487321804,0
1487321812,1
1487321821,0
1487321822,1
1487321831,0
1487321957,1
1487321975,0
1487322079,1
1487322089,0
1487322154,1
1487322158,0
1487340206,1
1487340208,0
1487340261,1
1487340284,0
1487340305,1
1487340308,0
1487340309,1
1487340331,0
1487340356,1
1487340359,0
1487340409,1
1487340419,0
1487340456,1
1487340461,0
1487340466,1
1487340469,0
1487340477,1
1487340487,0
1487340489,1
1487340523,0
1487340735,1
1487340746,0
1487340762,1
1487340764,0
1487340774,1
1487340782,0
1487340812,1
1487340900,0
1487313838,1
1487313842,0
1487313894,1
1487313917,0
1487314028,1
1487314072,0
1487336875,1
1487336891,0
1487318620,1
1487318630,0
1487332538,1
1487332601,0
1487333081,1
1487333114,0
1487310007,1
1487310021,0
1487327604,1
1487327617,0
1487311488,1
1487311514,0
1487311533,1
1487311612,0
1487337642,1
1487337649,0
1487337766,1
1487337791,0
1487338335,1
1487338337,0
1487341345,1
1487341512,0
1487342873,1
1487343159,0
1487344238,1
1487344267,0
1487344269,1
1487344280,0
1487344441,1
1487344505,0
1487344507,1
1487344519,0
1487319330,1
1487319341,0
1487319662,1
1487319892,0
1487323426,1
1487323431,0
1487322245,1
1487322254,0
1487322258,1
1487322260,0
1487322445,1
1487322592,0
1487322651,1
1487322661,0
1487322662,1
1487322669,0
1487322826,1
1487322836,0
1487322840,1
1487322853,0
1487322856,1
1487322869,0
1487322893,1
1487322896,0
1487323162,1
1487323164,0
1487323201,1
1487323260,0
1487345238,1
1487345481,0
1487316086,1
1487316096,0
1487316134,1
1487316151,0
1487330178,1
1487330189,0
1487345770,1
1487345781,0
1487347700,1
1487347791,0
1487350382,1
1487350661,0
1487351194,1
1487351419,0
1487351610,1
1487351625,0
1487351979,1
1487352011,0
1487359513,1
1487359524,0
1487363063,1
1487363064,0
1487363592,1
1487363604,0
1487363685,1
1487363698,0
1487363860,1
1487363990,0
1487364794,1
1487364796,0
1487368000,1
1487368013,0
1487368016,1
1487368778,0
1487368784,1
1487368798,0
1487395467,1
1487395477,0
1487397855,1
1487398210,0
1487398838,1
1487398848,0
1487400944,1
1487400946,0
1487401089,1
1487401180,0
1487404712,1
1487404718,0
1487406056,1
1487406058,0
1487407163,1
1487407198,0
1487408526,1
1487408539,0
1487408615,1
1487408627,0
1487408655,1
1487408657,0
1487413043,1
1487413170,0
1487413172,1
1487413183,0
1487411525,1
1487411528,0
1487411529,1
1487411543,0
1487409291,1
1487409340,0
1487409362,1
1487409416,0
1487409416,1
1487409430,0
1487415259,1
1487415269,0
1487420145,1
1487420155,0
1487421842,1
1487421990,0
1487424916,1
1487424927,0
1487424967,1
1487425011,0
1487425842,1
1487425848,0
1487425877,1
1487425961,0
1487426040,1
1487426045,0
1487431113,1
1487431178,0
1487431182,1
1487431186,0
1487431186,1
1487431227,0
1487431251,1
1487431262,0
1487431275,1
1487431286,0
1487431321,1
1487431339,0
1487431880,1
1487431895,0
1487432137,1
1487432150,0
1487432170,1
1487432183,0
1487432403,1
1487432405,0
1487432740,1
1487432749,0
1487433426,1
1487433440,0
1487434251,1
1487434294,0
1487434437,1
1487434447,0
1487435085,1
1487435096,0
1487435235,1
1487435255,0
1487435338,1
1487435340,0
1487436454,1
1487436487,0
1487436865,1
1487436886,0
1487437020,1
1487437023,0
1487447601,1
1487447650,0
1487444976,1
1487445003,0
1487457277,1
1487457306,0
1487457307,1
1487457318,0
1487457432,1
1487438270,1
1487438287,0
1487438446,1
1487438448,0
1487455179,1
1487455187,0
1487455751,1
1487455854,0
1487455893,1
1487455989,0
1487456097,1
1487456218,0
1487456251,1
1487456435,0
1487442353,1
1487442368,0
1487442548,1
1487442552,0
1487437921,1
1487437959,0
1487438657,1
1487438677,0
1487438683,1
1487438688,0
1487438750,1
1487438781,0
1487439423,1
1487439441,0
1487449586,1
1487449764,0
1487457432,0
1487459014,1
1487459033,0
1487488786,1
1487488787,0
1487489306,1
1487489713,0
1487490200,1
1487490414,0
1487490525,1
1487490648,0
1487493580,1
1487493589,0
1487493605,1
1487493612,0
1487493630,1
1487493772,0
1487493815,1
1487494094,0
1487494445,1
1487494484,0
1487498690,1
1487499049,0
1487500252,1
1487500380,0
1487500680,1
1487500695,0
1487503644,1
1487503654,0
1487504204,1
1487504337,0
1487504712,1
1487504721,0
1487504811,1
1487505094,0
1487510915,1
1487510918,0
1487511937,1
1487512609,0
1487513536,1
1487513826,0
1487513829,1
1487513863,0
1487516596,1
1487516607,0
1487518798,1
1487518808,0
1487521390,1
1487521449,0
1487521572,1
1487521583,0
1487525675,1
1487525851,0
1487526140,1
1487526154,0
1487529677,1
1487529684,0
1487531010,1
1487531021,0
1487531781,1
1487531787,0
1487531868,1
1487531883,0
1487531890,1
1487531903,0
1487535072,1
1487535073,0
1487535180,1
1487535742,0
1487535750,1
1487535763,0
1487548903,1
1487548913,0
1487558861,1
1487558872,0
1487564102,1
1487564122,0
1487566537,1
1487567105,0
1487567932,1
1487567956,0
1487568943,1
1487568963,0
1487569324,1
1487569341,0
1487602069,1
1487602091,0
1487602445,1
1487602460,0
1487587428,0
1487587812,1
1487587815,0
1487587822,1
1487587833,0
1487587864,1
1487587867,0
1487587940,1
1487588118,0
1487588150,1
1487588235,0
1487588261,1
1487588273,0
1487588343,1
1487588354,0
1487581289,1
1487581294,0
1487581640,1
1487581715,0
1487581717,1
1487581734,0
1487603205,1
1487603214,0
1487584694,1
1487584706,0
1487584707,1
1487584728,0
1487584823,1
1487584828,0
1487584840,1
1487584961,0
1487595831,1
1487595855,0
1487596216,1
1487596223,0
1487596947,1
1487596966,0
1487596967,1
1487596981,0
1487597169,1
1487597170,0
1487594417,0
1487594459,1
1487594463,0
1487594516,1
1487594530,0
1487594533,1
1487594543,0
1487585849,1
1487585972,0
1487585972,1
1487585983,0
1487586646,1
1487586648,0
1487587420,1
1487574345,1
1487574356,0
1487574417,1
1487574515,0
1487574963,1
1487574965,0
1487576833,1
1487576843,0
1487576896,1
1487576917,0
1487577047,1
1487577331,0
1487571507,0
1487572927,1
1487572936,0
1487572941,1
1487572944,0
1487572998,1
1487573041,0
1487573119,1
1487573130,0
1487597856,1
1487597959,0
1487598935,1
1487598947,0
1487598980,1
1487598990,0
1487599090,1
1487599113,0
1487599125,1
1487599143,0
1487599144,1
1487599157,0
1487579292,1
1487579316,0
1487579688,1
1487579919,0
1487580322,1
1487580366,0
1487571355,1
1487592572,1
1487592711,0
1487593384,1
1487593389,0
1487593644,1
1487599162,1
1487599186,0
1487599637,1
1487599644,0
1487599949,1
1487599952,0
1487599956,1
1487599959,0
1487600404,1
1487600409,0
1487590440,1
1487575378,1
1487575399,0
1487575527,1
1487575533,0
1487576667,1
1487576686,0
1487590579,0
1487590717,1
1487590728,0
1487590904,1
1487590907,0
1487590932,1
1487590975,0
1487591080,1
1487591127,0
1487591208,1
1487591211,0
1487591444,1
1487591471,0
1487591565,1
1487591578,0
1487591858,1
1487592055,0
1487592060,1
1487592072,0
1487592188,1
1487592199,0
1487583619,1
1487583625,0
1487604446,1
1487604448,0
1487605691,1
1487605701,0
1487605758,1
1487606003,0
1487606076,1
1487606208,0
1487606317,1
1487606329,0
1487606683,1
1487606950,0
1487607032,1
1487607173,0
1487607209,1
1487607728,0
1487608257,1
1487608387,0
1487608523,1
1487608659,0
1487609208,1
1487609369,0
1487609369,1
1487609588,0
1487609691,1
1487610111,0
1487610552,1
1487610699,0
1487611023,1
1487611043,0
1487611121,1
1487611247,0
1487611779,1
1487611917,0
1487613795,1
1487613822,0
1487614987,1
1487614999,0
1487615007,1
1487615121,0
1487615160,1
1487615208,0
1487615655,1
1487615661,0
1487616542,1
1487616626,0
1487616872,1
1487616883,0
1487618874,1
1487618912,0
1487620886,1
1487620896,0
1487621176,1
1487621377,0
1487621381,1
1487621392,0
1487623035,1
1487623075,0
1487648249,1
1487648252,0
1487649601,1
1487650552,0
1487650889,1
1487651369,0
1487653368,1
1487653369,0
1487678580,1
1487678696,0
1487679507,1
1487679548,0
1487679980,1
1487679992,0
1487677620,1
1487677623,0
1487677651,1
1487677675,0
1487677695,1
1487677796,0
1487693069,1
1487693080,0
1487693646,1
1487693659,0
1487695463,1
1487695468,0
1487695537,1
1487695582,0
1487660891,1
1487660909,0
1487661378,1
1487661393,0
1487662157,1
1487662232,0
1487675885,1
1487675920,0
1487676174,1
1487676210,0
1487663679,1
1487663689,0
1487664108,1
1487664130,0
1487655264,1
1487655306,0
1487659132,1
1487659151,0
1487659155,1
1487659160,0
1487659254,1
1487659264,0
1487659369,1
1487659373,0
1487659412,1
1487659777,0
1487659869,1
1487659871,0
1487659980,1
1487660047,0
1487660135,1
1487660137,0
1487660627,1
1487660629,0
1487664921,1
1487664929,0
1487665973,1
1487665988,0
1487665990,1
1487665995,0
1487666001,1
1487666003,0
1487666030,1
1487666077,0
1487684145,1
1487684147,0
1487684482,1
1487684595,0
1487685268,1
1487655326,1
1487655336,0
1487656258,1
1487656408,0
1487656458,1
1487656501,0
1487656638,1
1487656641,0
1487656867,1
1487656877,0
1487673148,1
1487673193,0
1487674376,1
1487674387,0
1487674685,1
1487674695,0
1487657716,1
1487657727,0
1487657946,1
1487657959,0
1487657980,1
1487658269,0
1487671263,1
1487685417,0
1487666516,1
1487666575,0
1487667800,1
1487667817,0
1487667907,1
1487667918,0
1487682115,0
1487682193,1
1487682796,0
1487682797,1
1487682811,0
1487682877,1
1487682887,0
1487686324,1
1487686362,0
1487686406,1
1487686472,0
1487686582,1
1487686974,0
1487686991,1
1487687002,0
1487687240,1
1487687242,0
1487687741,1
1487687751,0
1487681617,1
1487681618,0
1487681641,1
1487681643,0
1487681833,1
1487669590,1
1487669598,0
1487671675,0
1487671840,1
1487671922,0
1487672113,1
1487672189,0
1487672410,1
1487672421,0
1487672692,1
1487672698,0
1487672721,1
1487672744,0
1487672795,1
1487672918,0
1487672978,1
1487673019,0
1487689829,1
1487689835,0
1487687959,1
1487687970,0
1487688302,1
1487688312,0
1487688482,1
1487688486,0
1487688781,1
1487688809,0
1487689150,1
1487689165,0
1487694598,1
1487694742,0
1487695932,1
1487695935,0
1487695935,1
1487695937,0
1487696203,1
1487696223,0
1487697722,1
1487697731,0
1487704428,1
1487704443,0
1487705378,1
1487705388,0
1487706998,1
1487707076,0
1487707080,1
1487707090,0
1487736003,1
1487736025,0
1487737237,1
1487737601,0
1487738089,1
1487738606,0
1487740447,1
1487740459,0
1487754469,1
1487754527,0
1487754619,1
1487755015,0
1487755024,1
1487755026,0
1487755031,1
1487755044,0
1487755150,1
1487744482,0
1487744551,1
1487744561,0
1487745530,1
1487745543,0
1487746107,1
1487746112,0
1487746127,1
1487746131,0
1487771500,1
1487771648,0
1487760529,1
1487760532,0
1487760541,1
1487760543,0
1487760633,1
1487760821,0
1487760878,1
1487760891,0
1487760956,1
1487760967,0
1487760989,1
1487760991,0
1487761230,1
1487761354,0
1487761452,1
1487761454,0
1487761637,1
1487761774,0
1487757383,1
1487757416,0
1487772539,1
1487772561,0
1487772586,1
1487772596,0
1487772597,1
1487772610,0
1487772695,1
1487772717,0
1487772838,1
1487772840,0
1487772851,1
1487772859,0
1487772875,1
1487772890,0
1487773224,1
1487773226,0
1487773228,1
1487773233,0
1487781099,0
1487781696,1
1487781715,0
1487755231,0
1487755328,1
1487755335,0
1487755343,1
1487755463,0
1487769040,1
1487769045,0
1487769158,1
1487769160,0
1487769790,1
1487769966,0
1487769970,1
1487769990,0
1487780858,1
1487748671,1
1487748677,0
1487748677,1
1487748679,0
1487748770,1
1487749014,0
1487749097,1
1487749102,0
1487773761,1
1487773763,0
1487773916,1
1487773918,0
1487774310,1
1487774312,0
1487764486,1
1487764497,0
1487764663,1
1487764667,0
1487764703,1
1487764705,0
1487764706,1
1487764737,0
1487743226,1
1487743758,0
1487743790,1
1487743876,0
1487744059,1
1487765493,1
1487765612,0
1487765713,1
1487765715,0
1487765721,1
1487765736,0
1487765971,1
1487766298,0
1487766301,1
1487766321,0
1487766394,1
1487744147,0
1487744160,1
1487744171,0
1487744243,1
1487752111,1
1487752252,0
1487752335,1
1487752338,0
1487752664,1
1487752669,0
1487753002,1
1487753016,0
1487761968,1
1487761971,0
1487762261,1
1487762313,0
1487762344,1
1487762346,0
1487762347,1
1487762357,0
1487762426,1
1487762451,0
1487762516,1
1487762571,0
1487762608,1
1487762651,0
1487762746,1
1487763046,0
1487763278,1
1487763280,0
1487763281,1
1487763292,0
1487742013,1
1487742064,0
1487766986,0
1487767086,1
1487767098,0
1487767143,1
1487767145,0
1487767338,1
1487767349,0
1487768530,1
1487768533,0
1487759273,1
1487759344,0
1487759832,1
1487759855,0
1487760209,1
1487760312,0
1487750035,1
1487750037,0
1487750782,1
1487751385,0
1487751585,1
1487751587,0
1487746798,1
1487746809,0
1487747165,1
1487747241,0
1487748004,1
1487748011,0
1487782624,1
1487782662,0
1487782702,1
1487782713,0
1487782859,1
1487783094,0
1487784689,1
1487784824,0
1487788895,1
1487788906,0
1487792775,1
1487792791,0
1487794075,1
1487794272,0
1487795630,1
1487795648,0
1487824204,1
1487824226,0
1487824997,1
1487825186,0
1487825808,1
1487825819,0
1487826337,1
1487826573,0
1487828457,1
1487828480,0
1487847441,0
1487847613,1
1487847713,0
1487848447,1
1487848549,0
1487852997,1
1487853311,0
1487853394,1
1487853404,0
1487853462,1
1487853464,0
1487853569,1
1487853583,0
1487853874,1
1487853883,0
1487839641,1
1487839653,0
1487839667,1
1487839689,0
1487840200,1
1487840229,0
1487840455,1
1487840466,0
1487840511,1
1487840531,0
1487861870,1
1487861905,0
1487861922,1
1487861924,0
1487861980,1
1487862035,0
1487868027,0
1487868027,1
1487868030,0
1487868164,1
1487868446,0
1487868621,1
1487868707,0
1487868754,1
1487868876,0
1487869337,1
1487869386,0
1487843881,1
1487843898,0
1487843921,1
1487843958,0
1487844162,1
1487844487,0
1487844872,1
1487855869,1
1487855890,0
1487855890,1
1487855902,0
1487856004,1
1487856008,0
1487856015,1
1487856038,0
1487830660,0
1487830689,1
1487830692,0
1487831269,1
1487831383,0
1487831638,1
1487831648,0
1487831767,1
1487831847,0
1487831905,1
1487831955,0
1487837745,1
1487838594,0
1487838735,1
1487838976,0
1487839046,1
1487839054,0
1487839132,1
1487839143,0
1487836132,1
1487836147,0
1487837464,1
1487837509,0
1487857926,1
1487857935,0
1487858426,1
1487858441,0
1487859301,1
1487859304,0
1487859625,1
1487859638,0
1487834098,0
1487834127,1
1487834742,0
1487834751,1
1487834795,0
1487834823,1
1487834826,0
1487835413,1
1487835416,0
1487867356,1
1487867367,0
1487867707,1
1487849459,1
1487849461,0
1487849618,1
1487849628,0
1487846325,1
1487846779,0
1487847327,1
1487847330,0
1487847427,1
1487830499,1
1487830509,0
1487830648,1
1487832728,1
1487832739,0
1487832744,1
1487832769,0
1487832966,1
1487832968,0
1487833440,1
1487833697,0
1487833719,1
1487833730,0
1487833932,1
1487844875,0
1487844929,1
1487845048,0
1487845101,1
1487845104,0
1487862483,1
1487862521,0
1487863527,1
1487863642,0
1487863644,1
1487863655,0
1487851292,1
1487851303,0
1487851472,1
1487851475,0
1487851484,1
1487851489,0
1487852201,1
1487852383,0
1487852755,1
1487852884,0
1487865085,1
1487865091,0
1487865167,1
1487865456,0
1487869562,1
1487869568,0
1487874393,1
1487874433,0
1487875032,1
1487875213,0
1487875489,1
1487875616,0
1487875622,1
1487875635,0
1487875651,1
1487875772,0
1487878532,1
1487878562,0
1487880111,1
1487880125,0
1487880151,1
1487880395,0
1487880660,1
1487880664,0
1487890430,1
1487890450,0
1487891238,1
1487891260,0
1487895124,1
1487895135,0
1487910601,1
1487910619,0
1487912621,1
1487912632,0
1487913213,1
1487913452,0
1487913767,1
1487913776,0
1487914566,1
1487914577,0
1487931895,1
1487931922,0
1487931949,1
1487931970,0
1487923045,1
1487923048,0
1487923509,1
1487923850,0
1487917793,1
1487917810,0
1487918262,1
1487918282,0
1487918393,1
1487918396,0
1487918770,1
1487918774,0
1487918780,1
1487918792,0
1487918819,1
1487918847,0
1487940451,1
1487940722,0
1487941077,1
1487941080,0
1487941156,1
1487941177,0
1487941208,1
1487941211,0
1487941351,1
1487941353,0
1487941587,1
1487941599,0
1487933980,1
1487933988,0
1487935135,1
1487935160,0
1487935279,1
1487935282,0
1487951064,1
1487951099,0
1487924431,1
1487924433,0
1487926007,1
1487926148,0
1487932042,1
1487932068,0
1487932074,1
1487932086,0
1487932099,1
1487932102,0
1487932692,1
1487932789,0
1487932884,1
1487933107,0
1487933332,1
1487933352,0
1487933408,1
1487933546,0
1487921119,1
1487921524,0
1487922105,1
1487922115,0
1487935326,1
1487935336,0
1487935544,1
1487935588,0
1487936235,1
1487936245,0
1487936533,1
1487926355,1
1487926366,0
1487936711,0
1487936954,1
1487936959,0
1487937328,1
1487937398,0
1487937663,1
1487937673,0
1487937721,1
1487937727,0
1487937803,1
1487937814,0
1487937890,1
1487937900,0
1487943594,1
1487943605,0
1487949481,1
1487949493,0
1487949777,1
1487949867,0
1487950049,1
1487950074,0
1487950353,1
1487950381,0
1487946910,1
1487946920,0
1487946948,1
1487947001,0
1487947888,1
1487947899,0
1487948432,1
1487948443,0
1487948687,1
1487948700,0
1487948958,1
1487948968,0
1487949019,1
1487949060,0
1487949082,1
1487949084,0
1487944061,1
1487944146,0
1487944189,1
1487944200,0
1487944250,1
1487944283,0
1487944396,1
1487944421,0
1487944933,1
1487944938,0
1487945273,1
1487945537,0
1487945564,1
1487945575,0
1487938962,1
1487939023,0
1487939490,1
1487939649,0
1487958656,1
1487958674,0
1487953063,1
1487953075,0
1487953773,1
1487953806,0
1487959934,1
1487959936,0
1487961038,1
1487961079,0
1487961098,1
1487961110,0
1487962642,1
1487962656,0
1487966715,1
1487967605,0
1487967704,1
1487967837,0
1487967841,1
1487967845,0
1487967865,1
1487967868,0
1487968199,1
1487968207,0
1487971579,1
1487971633,0
1487971641,1
1487971976,0
1487972007,1
1487972019,0
1487972801,1
1487972819,0
1487972988,1
1487973384,0
1487973388,1
1487973399,0
1487973634,1
1487973729,0
1488002563,1
1488002566,0
1488003061,1
1488003521,0
1488004346,1
1488004496,0
1488008594,1
1488009089,0
1488009991,1
1488010091,0
1488010583,1
1488010778,0
1488011659,1
1488011670,0
1488012434,1
1488012444,0
1488018302,1
1488018312,0
1488020630,1
1488020631,0
1488020632,1
1488020680,0
1488022658,1
1488022668,0
1488025004,1
1488025021,0
1488025068,1
1488025124,0
1488025126,1
1488025132,0
1488025155,1
1488025213,0
1488025290,1
1488025317,0
1488025318,1
1488025333,0
1488025614,1
1488025642,0
1488025647,1
1488025671,0
1488025799,1
1488026031,0
1488026191,1
1488026196,0
1488032485,1
1488032498,0
1488032574,1
1488032576,0
1488030999,1
1488031001,0
1488031832,1
1488031843,0
1488032171,1
1488032202,0
1488036145,1
1488036373,0
1488036693,1
1488037025,0
1488037044,1
1488037168,0
1488037169,1
1488037293,0
1488037326,1
1488037452,0
1488037819,1
1488037837,0
1488040512,1
1488040523,0
1488040781,1
1488040792,0
1488042710,1
1488042714,0
1488045463,1
1488045465,0
1488049177,1
1488049191,0
1488049192,1
1488049203,0
1488049886,1
1488049964,0
1488051348,1
1488051398,0
1488051570,1
1488051869,0
1488051914,1
1488051916,0
1488061542,1
1488061566,0
1488054195,1
1488054206,0
1488055489,1
1488055505,0
1488055712,1
1488058372,1
1488058413,0
1488059523,1
1488059542,0
1488059569,1
1488059585,0
1488059590,1
1488059592,0
1488059748,1
1488059758,0
1488059887,1
1488059923,0
1488064065,1
1488064077,0
1488052081,1
1488052101,0
1488052169,1
1488052188,0
1488052541,1
1488053059,0
1488067224,1
1488067227,0
1488064952,1
1488065007,0
1488065654,1
1488065684,0
1488066144,1
1488066250,0
1488053372,1
1488053390,0
1488053672,1
1488053693,0
1488066269,1
1488066282,0
1488055727,0
1488055854,1
1488055868,0
1488056376,1
1488056428,0
1488056467,1
1488056524,0
1488056616,1
1488056638,0
1488056930,1
1488056960,0
1488057055,1
1488057180,0
1488057523,1
1488057578,0
1488057778,1
1488057833,0
1488069771,1
1488069774,0
1488070442,1
1488070489,0
1488083559,1
1488083577,0
1488091262,1
1488091272,0
1488097228,1
1488097269,0
1488097321,1
1488097406,0
1488098262,1
1488098692,0
1488104609,1
1488104620,0
1488104948,1
1488104951,0
1488105160,1
1488105185,0
1488113253,1
1488113352,0
1488115136,1
1488115420,0
1488117034,1
1488117304,0
1488119762,1
1488119780,0
1488121446,1
1488121448,0
1488122307,1
1488122437,0
1488122622,1
1488122628,0
1488124901,1
1488125118,0
1488125136,1
1488125139,0
1488125259,1
1488125907,0
1488127007,1
1488127009,0
1488127526,1
1488127535,0
1488128121,1
1488128158,0
1488129106,1
1488129165,0
1488129168,1
1488129182,0
1488129265,1
1488129842,0
1488136840,1
1488137563,0
1488139873,1
1488139875,0
1488139876,1
1488139894,0
1488139914,1
1488141094,0
1488141096,1
1488141110,0
1488168902,1
1488168921,0
1488170876,1
1488170886,0
1488173167,1
1488173171,0
1488173309,1
1488173320,0
1488173972,1
1488173975,0
1488198059,1
1488198061,0
1488198967,1
1488198970,0
1488204283,1
1488204422,0
1488204423,1
1488204435,0
1488204535,1
1488204537,0
1488177683,0
1488177727,1
1488177844,0
1488177981,1
1488178048,0
1488178797,1
1488178801,0
1488179173,1
1488179232,0
1488184725,1
1488184803,0
1488184979,1
1488184996,0
1488186386,1
1488186391,0
1488191951,1
1488191988,0
1488192079,1
1488192094,0
1488192297,1
1488192321,0
1488192454,1
1488192463,0
1488193133,1
1488193145,0
1488179979,1
1488179989,0
1488182142,1
1488182147,0
1488182149,1
1488182237,0
1488182295,1
1488182416,0
1488182595,1
1488182635,0
1488199082,1
1488199092,0
1488199109,1
1488199178,0
1488199278,1
1488199347,0
1488199802,1
1488199808,0
1488199917,1
1488200712,0
1488201166,1
1488201191,0
1488201823,1
1488201833,0
1488176260,1
1488176276,0
1488176402,1
1488176547,0
1488177115,1
1488177120,0
1488177676,1
1488191779,1
1488191791,0
1488195455,1
1488195496,0
1488195848,1
1488196017,0
1488196018,1
1488196029,0
1488196170,1
1488196318,0
1488196390,1
1488196526,0
1488186942,1
1488186944,0
1488187457,1
1488187473,0
1488188060,1
1488188062,0
1488207905,1
1488207949,0
1488207991,1
1488208070,0
1488208283,1
1488208304,0
1488207357,1
1488207393,0
1488182825,1
1488182836,0
1488183293,1
1488183309,0
1488202636,1
1488202817,0
1488202995,1
1488202997,0
1488203126,1
1488203136,0
1488203730,1
1488203772,0
1488203775,1
1488203785,0
1488209809,1
1488209817,0
1488212543,1
1488212554,0
1488214592,1
1488214630,0
1488218512,1
1488218806,0
1488221327,1
1488221338,0
1488221367,1
1488221368,0
1488221524,1
1488221530,0
1488227149,1
1488227529,0
1488227529,1
1488227540,0
1488255304,1
1488255322,0
1488256636,1
1488257435,0
1488258453,1
1488258463,0
1488259406,1
1488259503,0
1488270026,1
1488270028,0
1488270562,1
1488270578,0
1488271685,1
1488271686,0
1488271749,1
1488271750,0
1488291020,1
1488291030,0
1488291034,1
1488291039,0
1488291069,1
1488291083,0
1488291086,1
1488291097,0
1488291109,1
1488291118,0
1488291122,1
1488291139,0
1488291181,1
1488291305,0
1488265629,1
1488265641,0
1488286033,0
1488286333,1
1488286566,0
1488286685,1
1488286690,0
1488286886,1
1488287031,0
1488272149,1
1488272367,0
1488272749,1
1488272779,0
1488272933,1
1488272943,0
1488273058,1
1488273068,0
1488273092,1
1488273096,0
1488263800,1
1488263803,0
1488263804,1
1488263808,0
1488263851,1
1488263930,0
1488264349,1
1488264375,0
1488265289,1
1488265321,0
1488265393,1
1488265407,0
1488265421,1
1488265492,0
1488285058,1
1488285065,0
1488285282,1
1488285354,0
1488285464,1
1488285474,0
1488285802,1
1488285804,0
1488285805,1
1488294819,1
1488294860,0
1488294980,1
1488295107,0
1488295278,1
1488295344,0
1488295367,1
1488295456,0
1488295457,1
1488295459,0
1488295551,1
1488295566,0
1488295567,1
1488295570,0
1488295571,1
1488295585,0
1488295734,1
1488295745,0
1488280663,1
1488280728,0
1488280863,1
1488280876,0
1488280934,1
1488280947,0
1488281080,1
1488281139,0
1488281400,1
1488281420,0
1488281462,1
1488281628,0
1488281786,1
1488281812,0
1488262005,0
1488262598,1
1488262608,0
1488262910,1
1488262920,0
1488262964,1
1488263034,0
1488263434,1
1488263445,0
1488283530,1
1488283533,0
1488284218,1
1488284220,0
1488261926,1
1488277233,0
1488277235,1
1488277254,0
1488277267,1
1488277298,0
1488277409,1
1488277456,0
1488276497,1
1488276544,0
1488277200,1
1488292998,1
1488293011,0
1488268135,0
1488268142,1
1488268158,0
1488268503,1
1488268512,0
1488268562,1
1488268570,0
1488268588,1
1488268799,0
1488288128,1
1488288139,0
1488288447,1
1488288461,0
1488295906,1
1488295922,0
1488296143,1
1488296151,0
1488279903,1
1488280008,0
1488280196,1
1488280198,0
1488280294,1
1488280321,0
1488266657,1
1488266823,0
1488267628,1
1488267648,0
1488267732,1
1488267841,0
1488267945,1
1488267969,0
1488268035,1
1488268054,0
1488268071,1
1488297011,1
1488297014,0
1488299403,1
1488299414,0
1488299934,1
1488299979,0
1488300473,1
1488300481,0
1488392109,0
1488392142,1
1488392150,0
1488393195,1
1488393225,0
1488396359,1
1488396369,0
1488396369,1
1488396371,0
1488396527,1
1488396548,0
1488397756,1
1488397773,0
1488397865,1
1488398040,0
1488398781,1
1488398796,0
1488400678,1
1488400681,0
1488400977,1
1488401069,0
1488401891,1
1488401905,0
1488903852,0
1488903852,1
1488904213,0
1488904869,1
1488904875,0
1488910816,1
1488911027,0
1488911096,1
1488911192,0
1488912131,1
1488912151,0
1488917725,1
1488917733,0
1488917770,1
1488917775,0
1488917904,1
1488918530,0
1488947402,1
1488947424,0
1488950349,1
1488950407,0
1488950474,1
1488950478,0
1488964357,1
1488964378,0
1488964707,1
1488964756,0
1488965387,1
1488965395,0
1488957881,0
1488956358,1
1488956359,0
1488956366,1
1488956383,0
1488957470,1
1488957480,0
1488957839,1
1488976899,1
1488976901,0
1488977797,1
1488968953,1
1488968983,0
1488969355,1
1488969369,0
1488969387,1
1488969451,0
1488969455,1
1488969473,0
1488969517,1
1488969756,0
1488969862,1
1488969864,0
1488970644,1
1488970651,0
1488976086,1
1488976101,0
1488983296,1
1488983416,0
1488984204,1
1488984209,0
1488973336,1
1488973352,0
1488973416,1
1488973436,0
1488973494,1
1488973617,0
1488973667,1
1488973689,0
1488973744,1
1488973760,0
1488977882,0
1488977941,1
1488978836,0
1488978844,1
1488978875,0
1488979191,1
1488981651,1
1488981671,0
1488981671,1
1488981673,0
1488981673,1
1488981676,0
1488981931,1
1488981944,0
1488981947,1
1488981959,0
1488982004,1
1488982093,0
1488982194,1
1488982234,0
1488982255,1
1488982267,0
1488982576,1
1488982640,0
1488982664,1
1488982694,0
1488982799,1
1488982829,0
1488982851,1
1488982888,0
1488982926,1
1488982958,0
1488983011,1
1488983118,0
1488983120,1
1488983133,0
1488967160,1
1488967290,0
1488968142,1
1488968230,0
1488953239,1
1488953282,0
1488953283,1
1488953319,0
1488951821,1
1488952037,0
1488954594,1
1488954596,0
1488954597,1
1488954617,0
1488954703,1
1488954753,0
1488954773,1
1488954845,0
1488954846,1
1488954887,0
1488954954,1
1488954955,0
1488954961,1
1488955002,0
1488955297,1
1488955368,0
1488955471,1
1488955474,0
1488955650,1
1488955721,0
1488955943,1
1488955978,0
1488960221,1
1488960237,0
1488960280,1
1488960495,0
1488960563,1
1488960597,0
1488960681,1
1488960720,0
1488960721,1
1488960873,0
1488961313,1
1488961330,0
1488961990,1
1488962037,0
1488962492,1
1488962532,0
1488979700,0
1488979714,1
1488979722,0
1488984659,1
1488984673,0
1488986955,1
1488986965,0
1488986989,1
1488987022,0
1488987027,1
1488987183,0
1488987365,1
1488987375,0
1488987783,1
1488987793,0
1488988676,1
1488988695,0
1488989281,1
1488989308,0
1488991269,1
1488991284,0
1488992006,1
1488992016,0
1488992728,1
1488992731,0
1488994098,1
1488994238,0
1488994617,1
1488994620,0
1488995447,1
1488995490,0
1488997087,1
1488997104,0
1488997653,1
1488997877,0
1488998187,1
1488998219,0
1488998403,1
1488998467,0
1488999241,1
1488999341,0
1489000732,1
1489000752,0
1489001016,1
1489001035,0
1489004453,1
1489005588,1
1489005588,0
1489032002,1
1489032030,0
1489035223,1
1489035233,0
1489036329,1
1489036591,0
1489037961,1
1489037971,0
1489038093,1
1489038094,0
1489059142,0
1489059317,1
1489059505,0
1489059719,1
1489059741,0
1489059834,1
1489059841,0
1489060179,1
1489060185,0
1489060976,1
1489045511,1
1489045541,0
1489045541,1
1489045545,0
1489045717,1
1489045734,0
1489045784,1
1489045846,0
1489045949,1
1489045992,0
1489046081,1
1489046461,0
1489046534,1
1489072160,1
1489072163,0
1489072215,1
1489072216,0
1489072668,1
1489072680,0
1489072780,1
1489072790,0
1489066321,1
1489066335,0
1489066644,1
1489066660,0
1489067681,1
1489067692,0
1489062737,1
1489062739,0
1489063239,1
1489063413,0
1489064092,1
1489064102,0
1489064250,1
1489064251,0
1489041023,1
1489041045,0
1489041999,1
1489042142,0
1489042147,1
1489042162,0
1489042194,1
1489042205,0
1489057297,1
1489057304,0
1489057697,1
1489057713,0
1489057715,1
1489057722,0
1489058037,1
1489058048,0
1489058426,1
1489058436,0
1489058517,1
1489058650,0
1489059033,1
1489055874,0
1489056427,1
1489056458,0
1489056459,1
1489056478,0
1489056848,1
1489056892,0
1489056922,1
1489056932,0
1489056945,1
1489056958,0
1489057101,1
1489057109,0
1489068603,1
1489068614,0
1489068730,1
1489068759,0
1489068791,1
1489068802,0
1489069643,1
1489069644,0
1489069854,1
1489069869,0
1489069889,1
1489069891,0
1489064564,1
1489064589,0
1489064705,1
1489064790,0
1489064863,1
1489065005,0
1489065493,1
1489065655,0
1489065748,1
1489065750,0
1489066134,1
1489066158,0
1489044214,1
1489044248,0
1489044312,1
1489044335,0
1489044784,1
1489044803,0
1489070562,1
1489070565,0
1489071289,1
1489071314,0
1489071398,1
1489071507,0
1489050640,1
1489050646,0
1489051052,1
1489051067,0
1489046894,0
1489046951,1
1489047123,0
1489047256,1
1489047383,0
1489047585,1
1489047604,0
1489047690,1
1489047854,0
1489048049,1
1489048244,0
1489048397,1
1489048533,0
1489048663,1
1489048838,0
1489048974,1
1489049099,0
1489049122,1
1489049143,0
1489049414,1
1489049430,0
1489049507,1
1489049512,0
1489049611,1
1489049612,0
1489049654,1
1489049657,0
1489049933,1
1489049963,0
1489050039,1
1489050061,0
1489050090,1
1489050108,0
1489060991,0
1489061333,1
1489061341,0
1489061346,1
1489061359,0
1489061550,1
1489061668,0
1489061767,1
1489062279,0
1489062372,1
1489062373,0
1489042370,1
1489042399,0
1489042590,1
1489042610,0
1489042750,1
1489042814,0
1489043007,1
1489043009,0
1489043046,1
1489043054,0
1489053688,1
1489053746,0
1489053900,1
1489053910,0
1489053917,1
1489053999,0
1489054073,1
1489054079,0
1489054083,1
1489073983,1
1489074335,0
1489074362,1
1489074480,0
1489074495,1
1489074730,0
1489074733,1
1489074751,0
1489074812,1
1489074824,0
1489074829,1
1489074885,0
1489054427,0
1489054558,1
1489054575,0
1489054720,1
1489054745,0
1489054755,1
1489054796,0
1489054802,1
1489054841,0
1489055077,1
1489055080,0
1489055085,1
1489055101,0
1489055127,1
1489055130,0
1489055212,1
1489055619,0
1489055695,1
1489055698,0
1489055701,1
1489078807,1
1489078826,0
1489078828,1
1489078853,0
1489078916,1
1489078918,0
1489079158,1
1489079163,0
1489079213,1
1489079294,0
1489079523,1
1489079534,0
1489080923,1
1489080961,0
1489075131,1
1489075185,0
1489075774,1
1489075778,0
1489076318,1
1489076324,0
1489076436,1
1489076458,0
1489076469,1
1489076483,0
1489086740,1
1489086839,0
1489084424,1
1489084447,0
1489089798,1
1489089798,0
1489090117,1
1489090262,0
1489090263,1
1489090267,0
1489090310,1
1489077084,1
1489077087,0
1489077794,1
1489077852,0
1489077878,1
1489078282,0
1489078306,1
1489078309,0
1489078345,1
1489078387,0
1489078433,1
1489078521,0
1489078642,1
1489078742,0
1489078743,1
1489078757,0
1489089250,1
1489089294,0
1489090425,0
1489090430,1
1489090445,0
1489090909,1
1489090961,0
1489087539,1
1489087543,0
1489089117,1
1489089130,0
1489091878,1
1489091881,0
1489092311,1
1489092377,0
1489093948,1
1489094360,0
1489094365,1
1489094375,0
1489118402,1
1489118425,0
1489121679,1
1489122435,0
1489122446,1
1489122447,0
1489123762,1
1489123767,0
1489151617,1
1489151621,0
1489152152,1
1489152158,0
1489152448,1
1489152450,0
1489152773,1
1489149701,1
1489149715,0
1489149899,1
1489149909,0
1489154587,1
1489154726,0
1489154728,1
1489154738,0
1489154908,1
1489154976,0
1489140805,1
1489140952,0
1489141373,1
1489141418,0
1489141428,1
1489141461,0
1489141787,1
1489141819,0
1489141921,1
1489141937,0
1489142067,1
1489142109,0
1489142235,1
1489142253,0
1489147913,1
1489147919,0
1489148187,1
1489148213,0
1489148705,1
1489148723,0
1489142330,1
1489142340,0
1489142476,1
1489142614,0
1489142617,1
1489142630,0
1489142787,1
1489142792,0
1489143629,1
1489143640,0
1489143647,1
1489143660,0
1489128256,1
1489128258,0
1489128265,1
1489128281,0
1489128316,1
1489128320,0
1489128656,1
1489128667,0
1489128756,1
1489128794,0
1489128940,1
1489128951,0
1489129089,1
1489129092,0
1489129096,1
1489129159,0
1489133522,1
1489133552,0
1489134065,1
1489134083,0
1489134138,1
1489134162,0
1489126323,1
1489126354,0
1489126438,1
1489126468,0
1489126535,1
1489126720,0
1489126804,1
1489126892,0
1489127067,1
1489127070,0
1489127075,1
1489127093,0
1489127326,1
1489127340,0
1489137561,1
1489137564,0
1489152776,0
1489152896,1
1489152898,0
1489153689,1
1489153758,0
1489153865,1
1489154196,0
1489154199,1
1489154211,0
1489131187,1
1489131197,0
1489131303,1
1489131305,0
1489131673,1
1489131702,0
1489131922,1
1489132076,0
1489129237,1
1489129239,0
1489129243,1
1489129259,0
1489129417,1
1489129461,0
1489129875,1
1489129915,0
1489155069,1
1489155215,0
1489155346,1
1489155485,0
1489155653,1
1489155686,0
1489156272,1
1489156282,0
1489156283,1
1489156294,0
1489156302,1
1489156871,0
1489221351,1
1489221463,0
1489261776,1
1489261779,0
1489262271,1
1489262276,0
1489230688,1
1489230716,0
1489187548,1
1489187551,0
1489237730,1
1489237773,0
1489238431,1
1489238617,0
1489264921,1
1489265129,0
1489162067,1
1489162073,0
1489160700,1
1489160703,0
1489336439,1
1489336495,0
1489240692,1
1489240755,0
1489166784,1
1489166811,0
1489260282,1
1489260286,0
1489261463,1
1489261482,0
1489189366,1
1489189370,0
1489189391,1
1489189432,0
1489247846,1
1489247892,0
1489176980,0
1489177395,1
1489177398,0
1489178133,1
1489178162,0
1489178297,1
1489178313,0
1489190431,1
1489190468,0
1489191235,1
1489191246,0
1489184339,1
1489184350,0
1489184599,1
1489184610,0
1489308000,1
1489308019,0
1489308024,1
1489308030,0
1489308380,1
1489308403,0
1489308492,1
1489308510,0
1489308523,1
1489255426,1
1489255428,0
1489255915,1
1489255935,0
1489304581,1
1489304598,0
1489304652,1
1489305196,0
1489305301,1
1489305305,0
1489305427,1
1489305800,0
1489176952,1
1489331313,1
1489331316,0
1489331888,1
1489331964,0
1489332038,1
1489332040,0
1489270657,1
1489270668,0
1489236890,1
1489236893,0
1489252011,1
1489252242,0
1489252404,1
1489252418,0
1489180987,0
1489181695,1
1489181705,0
1489159146,1
1489159236,0
1489274817,1
1489274835,0
1489275090,1
1489275235,0
1489275237,1
1489275253,0
1489275265,1
1489275599,0
1489275600,1
1489275611,0
1489227471,1
1489227506,0
1489228764,1
1489228782,0
1489229035,1
1489229065,0
1489229158,1
1489229162,0
1489225240,1
1489225454,0
1489225474,1
1489225820,0
1489225823,1
1489225832,0
1489329532,1
1489329733,0
1489330899,1
1489330910,0
1489169012,1
1489169022,0
1489169023,1
1489169026,0
1489169394,1
1489169399,0
1489311996,1
1489312567,0
1489312653,1
1489312658,0
1489234462,1
1489234464,0
1489308600,0
1489309179,1
1489309195,0
1489309471,1
1489309475,0
1489178917,1
1489178933,0
1489178973,1
1489178986,0
1489179181,1
1489179186,0
1489179383,1
1489179392,0
1489179395,1
1489179516,0
1489179803,1
1489180164,0
1489180930,1
1489180933,0
1489180940,1
1489337762,1
1489337922,0
1489317785,1
1489317804,0
1489252801,1
1489252812,0
1489253914,1
1489253929,0
1489253954,1
1489253956,0
1489254123,1
1489254147,0
1489254148,1
1489254158,0
1489172925,1
1489172947,0
1489174007,1
1489174047,0
1489174098,1
1489174116,0
1489174179,1
1489174230,0
1489174315,1
1489174335,0
1489174335,1
1489174346,0
1489341209,0
1489341207,1
1489342641,1
1489342658,0
1489351100,1
1489351225,0
1489351410,1
1489351702,0
1489351705,1
1489351716,0
1489351758,1
1489351768,0
1489380302,1
1489380322,0
1489381215,1
1489381229,0
1489381550,1
1489381852,0
1489382044,1
1489382439,0
1489382956,1
1489383232,0
1489384000,1
1489384011,0
1489384258,1
1489384261,0
1489402567,1
1489391504,1
1489391514,0
1489391581,1
1489391611,0
1489417789,1
1489417841,0
1489393934,1
1489393937,0
1489394200,1
1489394203,0
1489394207,1
1489394256,0
1489394343,1
1489394383,0
1489395660,1
1489395671,0
1489416958,1
1489417010,0
1489417093,1
1489417194,0
1489417314,1
1489417318,0
1489417527,1
1489417562,0
1489417565,1
1489417576,0
1489392908,1
1489392961,0
1489393774,1
1489393777,0
1489385252,1
1489385267,0
1489400233,1
1489400259,0
1489400738,1
1489400747,0
1489411398,1
1489411403,0
1489406361,1
1489407176,0
1489407179,1
1489407227,0
1489407227,1
1489407258,0
1489407269,1
1489407330,0
1489407336,1
1489407451,0
1489407771,1
1489407775,0
1489407923,1
1489408086,0
1489408602,1
1489408613,0
1489409339,1
1489409356,0
1489402724,0
1489402754,1
1489402813,0
1489396111,1
1489396124,0
1489396679,1
1489396706,0
1489396708,1
1489396721,0
1489396776,1
1489396793,0
1489396794,1
1489396835,0
1489414709,1
1489414787,0
1489414852,1
1489414869,0
1489415035,1
1489415038,0
1489415344,1
1489415346,0
1489415426,1
1489415455,0
1489415548,1
1489415624,0
1489415630,1
1489415658,0
1489415741,1
1489415749,0
1489415750,1
1489415761,0
1489387772,1
1489387804,0
1489388056,1
1489388064,0
1489409828,1
1489409846,0
1489409891,1
1489409918,0
1489409933,1
1489409978,0
1489409980,1
1489410005,0
1489410162,1
1489410368,0
1489413728,1
1489413739,0
1489413766,1
1489413813,0
1489413839,1
1489414020,0
1489414071,1
1489414127,0
1489386617,1
1489386700,0
1489419315,1
1489419317,0
1489419679,1
1489419683,0
1489421401,1
1489421404,0
1489428489,1
1489428490,0
1489430707,1
1489430709,0
1489431230,1
1489431232,0
1489434628,1
1489434746,0
1489434750,1
1489434760,0
1489464902,1
1489464922,0
1489465191,1
1489466402,0
1489466973,1
1489467152,0
1489467162,1
1489467173,0
1489468137,1
1489468146,0
1489468149,1
1489468162,0
1489473545,1
1489473562,0
1489473563,1
1489473588,0
1489473606,1
1489473779,0
1489473808,1
1489473818,0
1489473946,1
1489473949,0
1489474047,1
1489474048,0
1489474192,1
1489474200,0
1489474506,1
1489474519,0
1489474673,1
1489474770,0
1489481358,1
1489481361,0
1489482780,1
1489482784,0
1489503441,1
1489503452,0
1489503857,1
1489503859,0
1489503859,1
1489503872,0
1489503970,1
1489503989,0
1489504217,1
1489504307,0
1489504865,1
1489477223,1
1489477234,0
1489507437,1
1489507474,0
1489501337,1
1489501355,0
1489498990,1
1489498995,0
1489490929,1
1489490931,0
1489491170,1
1489491238,0
1489470921,1
1489470967,0
1489471604,1
1489493617,0
1489493921,1
1489493938,0
1489494366,1
1489495050,0
1489495066,1
1489495075,0
1489495077,1
1489495091,0
1489495094,1
1489495105,0
1489495156,1
1489502989,1
1489502991,0
1489475684,1
1489475686,0
1489476024,1
1489476029,0
1489476328,1
1489476330,0
1489476331,1
1489476362,0
1489476739,1
1489476757,0
1489476777,1
1489476793,0
1489476929,1
1489476932,0
1489486374,1
1489505315,0
1489505671,1
1489505674,0
1489499666,1
1489499671,0
1489500182,1
1489500186,0
1489500291,1
1489500295,0
1489500329,1
1489500330,0
1489496045,0
1489496073,1
1489496178,0
1489496265,1
1489496416,0
1489496427,1
1489496429,0
1489496621,1
1489496698,0
1489497112,1
1489497122,0
1489492117,1
1489492505,0
1489492571,1
1489492676,0
1489492836,1
1489492892,0
1489492920,1
1489492942,0
1489493485,1
1489493518,0
1489493522,1
1489493544,0
1489493600,1
1489471791,0
1489471802,1
1489471835,0
1489471846,1
1489472128,0
1489472129,1
1489472139,0
1489472195,1
1489472276,0
1489473037,1
1489473040,0
1489473237,1
1489473362,0
1489479195,1
1489479198,0
1489479205,1
1489479218,0
1489480622,1
1489480640,0
1489486792,0
1489486812,1
1489486829,0
1489487045,1
1489487065,0
1489487066,1
1489487079,0
1489487262,1
1489487426,0
1489487530,1
1489487561,0
1489487609,1
1489487623,0
1489483046,1
1489483170,0
1489483365,1
1489483376,0
1489483502,1
1489483513,0
1489509513,1
1489510072,0
1489511546,1
1489511557,0
1489514515,1
1489514517,0
1489515736,1
1489515810,0
1489516399,1
1489516403,0
1489519171,1
1489519187,0
1489519261,1
1489519286,0
1489519292,1
1489519304,0
1489521440,1
1489521592,0
1489521593,1
1489521604,0
1489522654,1
1489522973,0
1489522977,1
1489523148,0
1489523155,1
1489523167,0
1489551303,1
1489551327,0
1489554022,1
1489554036,0
1489573304,1
1489573381,0
1489576090,0
1489577310,1
1489577334,0
1489577742,1
1489577744,0
1489581341,1
1489581346,0
1489581352,1
1489581360,0
1489581375,1
1489581415,0
1489581515,1
1489581999,0
1489582033,1
1489582446,0
1489582500,1
1489582512,0
1489582691,1
1489582693,0
1489561746,0
1489561777,1
1489561931,0
1489562076,1
1489562087,0
1489562090,1
1489562235,0
1489562465,1
1489562479,0
1489562895,1
1489562898,0
1489563365,1
1489563376,0
1489563383,1
1489584949,1
1489584966,0
1489586138,1
1489586155,0
1489567882,1
1489567884,0
1489563595,0
1489563613,1
1489563690,0
1489564063,1
1489564072,0
1489565065,1
1489565078,0
1489575319,1
1489575361,0
1489575364,1
1489575367,0
1489575465,1
1489575524,0
1489575558,1
1489575560,0
1489575627,1
1489589403,0
1489589595,1
1489590017,0
1489590205,1
1489590216,0
1489556706,1
1489556739,0
1489557219,1
1489557236,0
1489588831,1
1489589272,0
1489589378,1
1489584018,1
1489584035,0
1489581090,1
1489581127,0
1489578341,1
1489578423,0
1489578433,1
1489578444,0
1489578498,1
1489578500,0
1489578632,1
1489578653,0
1489578657,1
1489578709,0
1489578713,1
1489578717,0
1489559273,1
1489559287,0
1489559298,1
1489559311,0
1489559319,1
1489559648,0
1489559720,1
1489570802,0
1489572050,1
1489572068,0
1489586359,1
1489586370,0
1489586474,1
1489586512,0
1489565794,1
1489565823,0
1489559965,0
1489559967,1
1489559978,0
1489561082,1
1489561084,0
1489561177,1
1489561179,0
1489561560,1
1489569313,1
1489569324,0
1489570032,1
1489570033,0
1489570034,1
1489570072,0
1489570125,1
1489570131,0
1489570356,1
1489570371,0
1489570602,1
1489570606,0
1489570669,1
1489570754,0
1489570757,1
1489596593,1
1489596618,0
1489597230,1
1489597236,0
1489597469,1
1489597475,0
1489598386,1
1489598451,0
1489598564,1
1489598787,0
1489599084,1
1489599112,0
1489599521,1
1489599551,0
1489599574,1
1489599586,0
1489602278,1
1489602491,0
1489603952,1
1489604567,0
1489604874,1
1489605129,0
1489606295,1
1489606315,0
1489609122,1
1489609133,0
1489609795,1
1489609806,0
1490008910,1
1490008913,0
1490008920,1
1490008949,0
1490008968,1
1490008996,0
1490009965,1
1490009978,0
1490022676,1
1490022681,0
1490022888,1
1490022899,0
1490014318,1
1490014919,0
1490014924,1
1490014950,0
1490006955,0
1490007199,1
1490007206,0
1490007417,1
1490007432,0
1490007490,1
1490007497,0
1490018865,1
1490018877,0
1490004042,1
1490004086,0
1490004241,1
1490004243,0
1490004859,1
1490004861,0
1490004866,1
1490005011,0
1490005022,1
1490005076,0
1490005108,1
1490021851,1
1490021872,0
1490022020,1
1490022040,0
1490022040,1
1490022054,0
1490012742,1
1490012747,0
1490013058,1
1490013064,0
1490013316,1
1490013318,0
1490013333,1
1490013361,0
1490013785,1
1490013796,0
1490013936,1
1490013938,0
1490014133,1
1490014170,0
1489999649,1
1489999649,0
1489999712,1
1489999733,0
1490000786,1
1490000793,0
1490000839,1
1490000856,0
1490000935,1
1490001025,0
1490018363,1
1490018380,0
1490018408,1
1490018423,0
1490018428,1
1490018441,0
1490018588,1
1490018606,0
1490018668,1
1490018674,0
1490003171,1
1490003182,0
1490005186,0
1490006780,1
1490006795,0
1490006924,1
1490023128,1
1490023130,0
1490024610,1
1490024980,0
1490025320,1
1490025434,0
1490025600,1
1490025749,0
1490028018,1
1490028028,0
1490029723,1
1490029736,0
1490029742,1
1490029772,0
1490030134,1
1490030145,0
1490033269,1
1490033271,0
1490035672,1
1490035682,0
1490036612,1
1490036626,0
1490038627,1
1490038794,0
1490041651,1
1490041652,0
1490041658,1
1490041660,0
1490041909,1
1490042020,0
1490043308,1
1490043320,0
1490043429,1
1490043528,0
1490069702,1
1490069729,0
1490071064,1
1490071076,0
1490071719,1
1490071732,0
1490073667,1
1490073678,0
1490074122,1
1490074161,0
1490105907,1
1490105910,0
1490092723,1
1490092725,0
1490092728,1
1490092742,0
1490092773,1
1490092880,0
1490092923,1
1490092926,0
1490097225,1
1490097240,0
1490098216,1
1490098232,0
1490098622,1
1490098628,0
1490087506,1
1490087513,0
1490087786,1
1490087819,0
1490099102,1
1490099128,0
1490100147,1
1490100156,0
1490100313,1
1490100319,0
1490100546,1
1490100554,0
1490100746,1
1490093908,1
1490093930,0
1490093942,1
1490093965,0
1490090963,1
1490090966,0
1490081341,1
1490081344,0
1490081346,1
1490081357,0
1490081358,1
1490081378,0
1490081431,1
1490081454,0
1490081589,1
1490081603,0
1490107279,1
1490107289,0
1490107491,1
1490107564,0
1490107625,1
1490108233,0
1490084433,1
1490084460,0
1490084466,1
1490084484,0
1490084528,1
1490084587,0
1490084736,1
1490084740,0
1490101237,0
1490102572,1
1490108884,1
1490108894,0
1490108898,1
1490108934,0
1490074945,1
1490074948,0
1490076530,1
1490076572,0
1490076626,1
1490076658,0
1490077218,1
1490077362,0
1490077959,1
1490078100,0
1490102670,0
1490102767,1
1490102777,0
1490103326,1
1490103332,0
1490078354,1
1490078398,0
1490078570,1
1490078777,0
1490078795,1
1490078936,0
1490079420,1
1490079423,0
1490079538,1
1490079544,0
1490079571,1
1490079636,0
1490080020,1
1490080023,0
1490095585,1
1490095598,0
1490085683,1
1490085685,0
1490086798,1
1490086801,0
1490109336,1
1490109338,0
1490114152,1
1490114162,0
1490115789,1
1490116084,0
1490116422,1
1490116424,0
1490116571,1
1490116582,0
1490117158,1
1490117888,0
1490118612,1
1490119416,0
1490119503,1
1490119632,0
1490119796,1
1490119916,0
1490120478,1
1490120612,0
1490121218,1
1490121461,0
1490121711,1
1490121722,0
1490121732,1
1490121967,0
1490122131,1
1490122878,0
1490122885,1
1490122990,0
1490123329,1
1490123366,0
1490123740,1
1490123746,0
1490123803,1
1490123818,0
1490123876,1
1490123881,0
1490123928,1
1490123975,0
1490124006,1
1490124032,0
1490124070,1
1490124087,0
1490124089,1
1490124114,0
1490124179,1
1490124189,0
1490124291,1
1490124302,0
1490124542,1
1490124677,0
1490125045,1
1490125182,0
1490125193,1
1490125203,0
1490125219,1
1490125221,0
1490125527,1
1490125538,0
1490125706,1
1490125716,0
1490125799,1
1490125955,0
1490125981,1
1490126293,0
1490126399,1
1490126524,0
1490126525,1
1490126645,0
1490126765,1
1490126890,0
1490126904,1
1490126908,0
1490127041,1
1490127245,0
1490127334,1
1490127344,0
1490127471,1
1490127611,0
1490127766,1
1490127777,0
1490127947,1
1490128259,0
1490128334,1
1490128460,0
1490128541,1
1490128734,0
1490128803,1
1490128810,0
1490128951,1
1490129082,0
1490129137,1
1490129437,0
1490129450,1
1490129695,0
1490131096,1
1490131107,0
1490131471,1
1490131481,0
1490134414,1
1490134432,0
1490134720,1
1490134754,0
1490151539,1
1490151543,0
1490151777,1
1490151794,0
1490157249,1
1490157254,0
